YearMonth,lon,lat,ETo
2015-01,-121.5403,45.9997,25.816581593946395
2015-01,-121.51,46.35,14.39815483262985
2015-01,-121.48,46.91,14.406818443129014
2015-01,-121.38,46.64,11.42039981797777
2015-01,-121.3533,45.8176,23.90445054533754
2015-01,-121.33,46.81,14.874758364046002
2015-01,-121.17,46.55,15.021897522805501
2015-01,-121.1661,45.6194,23.667625571399366
2015-01,-121.0833,45.9917,21.29525068984916
2015-01,-121.08,46.36,14.741655169385954
2015-01,-120.8428,45.8081,25.14981991959627
2015-01,-120.81,45.99,22.346455843774383
2015-01,-120.68,45.99,21.77492357737268
2015-01,-120.6669,45.9481,24.3354147333955
2015-01,-120.60083,46.57417,15.051554079235247
2015-01,-120.5428,46.5683,
2015-01,-120.4994,46.6722,13.591048520134985
2015-01,-120.3006,45.9981,21.87132245796627
2015-01,-120.1677,46.5053,13.832216125602402
2015-01,-120.0289,46.345,13.198658675903724
2015-01,-119.758,46.2014,21.963498534349874
2015-01,-119.2633,46.3119,19.30551935687482
2015-01,-119.1011,46.2111,20.966657809170712
2015-02,-121.51,46.35,14.551449879019348
2015-02,-121.48,46.91,14.44046812763102
2015-02,-121.38,46.64,14.519015658351666
2015-02,-121.33,46.81,14.835447879481876
2015-02,-121.17,46.55,14.251642894233918
2015-02,-121.1661,45.6194,45.63590075570367
2015-02,-121.0833,45.9917,29.514340963170646
2015-02,-121.08,46.36,15.462442856621314
2015-02,-120.81,45.99,29.003099324533956
2015-02,-120.68,45.99,29.758278130334556
2015-02,-120.5428,46.5683,
2015-03,-121.51,46.35,15.277537798144234
2015-03,-121.48,46.91,16.41207861459877
2015-03,-121.38,46.64,16.115113287175276
2015-03,-121.3533,45.8176,65.10441826184456
2015-03,-121.33,46.81,15.65942702284233
2015-03,-121.17,46.55,15.550195083710083
2015-03,-121.1661,45.6194,80.18847077940312
2015-03,-121.0833,45.9917,48.380627105642105
2015-03,-121.08,46.36,16.220878784984887
2015-03,-120.8428,45.8081,74.70443540351565
2015-03,-120.81,45.99,44.665905709122626
2015-03,-120.68,45.99,50.116431574755865
2015-03,-120.60083,46.57417,
2015-03,-120.5428,46.5683,
2015-03,-120.4994,46.6722,20.08161067411232
2015-03,-120.0289,46.345,19.991103304377205
2015-03,-119.758,46.2014,74.66151955649963
2015-03,-119.2633,46.3119,76.96881627571071
2015-03,-119.1011,46.2111,80.11622862083492
2015-04,-121.5403,45.9997,98.7143642276275
2015-04,-121.51,46.35,15.439560305296844
2015-04,-121.48,46.91,14.949889273368967
2015-04,-121.38,46.64,16.60085590087696
2015-04,-121.3533,45.8176,91.68552458425697
2015-04,-121.33,46.81,16.897145649822935
2015-04,-121.17,46.55,18.056785261035653
2015-04,-121.1661,45.6194,110.88047526444615
2015-04,-121.0833,45.9917,73.0150224091476
2015-04,-121.08,46.36,16.303571850051934
2015-04,-120.8428,45.8081,100.54990682288889
2015-04,-120.81,45.99,64.61178092483479
2015-04,-120.68,45.99,74.00814363996258
2015-04,-120.60083,46.57417,
2015-04,-120.5428,46.5683,
2015-04,-120.4994,46.6722,
2015-04,-120.1677,46.5053,
2015-04,-120.0289,46.345,17.638821973849122
2015-04,-119.758,46.2014,105.02868755469987
2015-04,-119.2633,46.3119,104.96987843383903
2015-04,-119.1011,46.2111,107.73873340589951
2015-05,-121.5403,45.9997,140.96186088644808
2015-05,-121.51,46.35,17.536135920605474
2015-05,-121.48,46.91,17.626114901357404
2015-05,-121.38,46.64,18.246498360841663
2015-05,-121.3533,45.8176,126.43567614538925
2015-05,-121.33,46.81,18.45762440727244
2015-05,-121.17,46.55,18.728958009321328
2015-05,-121.1661,45.6194,148.42630183728448
2015-05,-121.0833,45.9917,106.2680298298882
2015-05,-121.08,46.36,19.097316366747084
2015-05,-120.8428,45.8081,144.21351729129748
2015-05,-120.81,45.99,89.46622461865134
2015-05,-120.68,45.99,103.27940005946193
2015-05,-120.6669,45.9481,145.31488521705984
2015-05,-120.5428,46.5683,
2015-05,-120.4994,46.6722,
2015-05,-120.3006,45.9981,115.2515460326116
2015-05,-120.0289,46.345,20.620142072843713
2015-05,-119.758,46.2014,145.1041433418484
2015-05,-119.2633,46.3119,147.51664688101144
2015-05,-119.1011,46.2111,150.7438513916313
2015-06,-121.5403,45.9997,197.2928925063451
2015-06,-121.51,46.35,19.48404637682465
2015-06,-121.48,46.91,18.999579245296488
2015-06,-121.38,46.64,20.36981143558811
2015-06,-121.3533,45.8176,164.9120894781041
2015-06,-121.33,46.81,20.038060746721335
2015-06,-121.17,46.55,19.596766303788304
2015-06,-121.1661,45.6194,190.82143000299214
2015-06,-121.0833,45.9917,147.85865955683235
2015-06,-121.08,46.36,20.381086166239754
2015-06,-120.8428,45.8081,198.03973820683444
2015-06,-120.81,45.99,127.46780325584459
2015-06,-120.68,45.99,143.39194579048012
2015-06,-120.5428,46.5683,
2015-06,-120.3006,45.9981,161.5970769983723
2015-06,-120.1677,46.5053,
2015-06,-120.0289,46.345,
2015-06,-119.758,46.2014,190.57689765034485
2015-06,-119.2633,46.3119,191.81706723387325
2015-06,-119.1011,46.2111,197.37375636111508
2015-07,-121.51,46.35,19.208975911897742
2015-07,-121.48,46.91,19.68863362942436
2015-07,-121.38,46.64,19.881100937069696
2015-07,-121.33,46.81,21.16073156760583
2015-07,-121.17,46.55,19.56347291623638
2015-07,-121.1661,45.6194,191.857890488823
2015-07,-121.0833,45.9917,149.62689633821185
2015-07,-121.08,46.36,21.02777392646886
2015-07,-120.8428,45.8081,197.9969157091349
2015-07,-120.81,45.99,125.95079087554811
2015-07,-120.68,45.99,144.53257390463523
2015-07,-120.60083,46.57417,
2015-07,-120.5428,46.5683,
2015-07,-120.3006,45.9981,174.74266706356903
2015-07,-120.1677,46.5053,
2015-07,-120.0289,46.345,21.453892756456945
2015-07,-119.758,46.2014,197.45758995703306
2015-07,-119.2633,46.3119,192.12720108740294
2015-07,-119.1011,46.2111,198.11995610968003
2015-08,-121.51,46.35,20.057779798180245
2015-08,-121.48,46.91,20.079290306376286
2015-08,-121.38,46.64,19.96116303000897
2015-08,-121.3533,45.8176,146.2203890421336
2015-08,-121.33,46.81,20.481995348489022
2015-08,-121.17,46.55,19.888406291353352
2015-08,-121.1661,45.6194,164.60440272150828
2015-08,-121.0833,45.9917,122.90467675911736
2015-08,-121.08,46.36,20.93840755028564
2015-08,-120.8428,45.8081,172.6550351201862
2015-08,-120.81,45.99,105.23617695254674
2015-08,-120.68,45.99,118.33862242061123
2015-08,-120.5428,46.5683,
2015-08,-120.4994,46.6722,
2015-08,-120.3006,45.9981,141.93081616344185
2015-08,-120.0289,46.345,22.554807887885953
2015-08,-119.2633,46.3119,162.01780254482622
2015-08,-119.1011,46.2111,173.08385260588602
2015-09,-121.51,46.35,17.84450322103325
2015-09,-121.48,46.91,16.67261898692794
2015-09,-121.38,46.64,18.969426864183554
2015-09,-121.33,46.81,21.763582896331016
2015-09,-121.17,46.55,20.908625641244388
2015-09,-121.1661,45.6194,115.80373770707088
2015-09,-121.0833,45.9917,79.07588953695893
2015-09,-121.08,46.36,18.114257022374602
2015-09,-120.8428,45.8081,116.36726057106787
2015-09,-120.81,45.99,70.22144362227897
2015-09,-120.68,45.99,79.53087650888638
2015-09,-120.60083,46.57417,
2015-09,-120.5428,46.5683,
2015-09,-120.3006,45.9981,93.26026987084941
2015-09,-120.1677,46.5053,
2015-09,-120.0289,46.345,19.93492117187615
2015-09,-119.2633,46.3119,109.25813634159303
2015-09,-119.1011,46.2111,111.90046769143379
2015-10,-121.5403,45.9997,67.25512497111819
2015-10,-121.51,46.35,17.885891146204752
2015-10,-121.48,46.91,19.572321496437077
2015-10,-121.38,46.64,17.965783394297574
2015-10,-121.3533,45.8176,61.31656410926729
2015-10,-121.33,46.81,19.664724342474752
2015-10,-121.17,46.55,
2015-10,-121.1661,45.6194,75.07162198238636
2015-10,-121.0833,45.9917,47.1628598205953
2015-10,-121.08,46.36,19.57836160003094
2015-10,-120.8428,45.8081,76.37578577969451
2015-10,-120.81,45.99,43.963693696799496
2015-10,-120.68,45.99,47.5070976319884
2015-10,-120.60083,46.57417,
2015-10,-120.5428,46.5683,
2015-10,-120.3006,45.9981,57.075382715643215
2015-10,-120.1677,46.5053,
2015-10,-120.0289,46.345,18.496944088181543
2015-10,-119.758,46.2014,72.59447957149501
2015-10,-119.1011,46.2111,71.5578904161485
2015-11,-121.5403,45.9997,28.92855764649942
2015-11,-121.51,46.35,14.577938510921019
2015-11,-121.48,46.91,13.865054981913932
2015-11,-121.38,46.64,14.691668855943053
2015-11,-121.33,46.81,13.729740349015739
2015-11,-121.17,46.55,15.332109011820783
2015-11,-121.1661,45.6194,32.19694936699801
2015-11,-121.0833,45.9917,20.328939708726537
2015-11,-121.08,46.36,14.314504117421961
2015-11,-120.8428,45.8081,30.12612863525832
2015-11,-120.81,45.99,20.37755537415943
2015-11,-120.68,45.99,20.714958939803008
2015-11,-120.60083,46.57417,15.958695813383345
2015-11,-120.5428,46.5683,
2015-11,-120.4994,46.6722,14.172155384219225
2015-11,-120.3006,45.9981,25.37672103110007
2015-11,-120.1677,46.5053,15.393327721257279
2015-11,-120.0289,46.345,15.55491455412006
2015-11,-119.758,46.2014,32.65883739731228
2015-11,-119.2633,46.3119,28.01478316499379
2015-11,-119.1011,46.2111,32.44329307269415
2015-12,-121.5403,45.9997,17.58916663663748
2015-12,-121.51,46.35,12.070014361583624
2015-12,-121.48,46.91,11.687031932265407
2015-12,-121.38,46.64,10.930042186743819
2015-12,-121.3533,45.8176,16.609370606528234
2015-12,-121.33,46.81,9.220098958244208
2015-12,-121.17,46.55,10.92924608233713
2015-12,-121.1661,45.6194,21.267257143160375
2015-12,-121.0833,45.9917,14.641320909719845
2015-12,-121.08,46.36,10.825790350676838
2015-12,-120.8428,45.8081,18.582377700324418
2015-12,-120.81,45.99,15.505805097459254
2015-12,-120.68,45.99,15.628149421450523
2015-12,-120.60083,46.57417,14.25552150004564
2015-12,-120.5428,46.5683,
2015-12,-120.4994,46.6722,11.390766185327982
2015-12,-120.3006,45.9981,15.958116632572011
2015-12,-120.0289,46.345,11.799128587861333
2015-12,-119.758,46.2014,21.402162104212536
2015-12,-119.2633,46.3119,20.475856037554323
2015-12,-119.1011,46.2111,21.084240921663856
2016-01,-121.5403,45.9997,18.574747067432348
2016-01,-121.51,46.35,14.158175280448505
2016-01,-121.48,46.91,
2016-01,-121.38,46.64,13.238113558891827
2016-01,-121.3533,45.8176,18.28144288593513
2016-01,-121.33,46.81,11.339604542952626
2016-01,-121.17,46.55,
2016-01,-121.1661,45.6194,22.504185651274515
2016-01,-121.0833,45.9917,17.066920189792093
2016-01,-121.08,46.36,11.947550127685473
2016-01,-120.8428,45.8081,19.843919383685503
2016-01,-120.81,45.99,16.884879026480448
2016-01,-120.68,45.99,17.5370600610921
2016-01,-120.6669,45.9481,17.563914039528534
2016-01,-120.60083,46.57417,12.37867468599823
2016-01,-120.5428,46.5683,
2016-01,-120.4994,46.6722,13.373007801064086
2016-01,-120.3006,45.9981,18.402284599626316
2016-01,-120.1677,46.5053,13.832216125602402
2016-01,-120.0289,46.345,13.041887429106307
2016-01,-119.758,46.2014,21.095292612795273
2016-01,-119.2633,46.3119,20.69265611021101
2016-01,-119.1011,46.2111,21.5676489304242
2016-02,-121.5403,45.9997,36.40167329314861
2016-02,-121.51,46.35,13.54451545355759
2016-02,-121.48,46.91,14.000367395426732
2016-02,-121.38,46.64,14.313926117440822
2016-02,-121.3533,45.8176,35.36980170300253
2016-02,-121.33,46.81,15.97788049784482
2016-02,-121.17,46.55,15.492954876893958
2016-02,-121.1661,45.6194,44.703929251329626
2016-02,-121.0833,45.9917,26.84778596113793
2016-02,-121.08,46.36,14.743054137775532
2016-02,-120.8428,45.8081,38.933547801091024
2016-02,-120.81,45.99,26.734977768363304
2016-02,-120.68,45.99,29.0088690670466
2016-02,-120.6669,45.9481,36.362942964873
2016-02,-120.60083,46.57417,16.017208678220566
2016-02,-120.5428,46.5683,
2016-02,-120.4994,46.6722,14.163172221956893
2016-02,-120.3006,45.9981,33.6394486101334
2016-02,-120.1677,46.5053,
2016-02,-120.0289,46.345,18.725292402866884
2016-02,-119.758,46.2014,41.298740358124526
2016-02,-119.2633,46.3119,43.599922542939865
2016-02,-119.1011,46.2111,43.637689545017004
2016-03,-121.5403,45.9997,56.04916665136392
2016-03,-121.51,46.35,14.287639890904016
2016-03,-121.48,46.91,16.31420189190548
2016-03,-121.38,46.64,13.727810657405538
2016-03,-121.3533,45.8176,47.90389117501622
2016-03,-121.33,46.81,13.595159181080216
2016-03,-121.17,46.55,13.549331278640933
2016-03,-121.1661,45.6194,68.37396409075411
2016-03,-121.0833,45.9917,40.48306892677262
2016-03,-121.08,46.36,14.347641503188944
2016-03,-120.8428,45.8081,59.33322869198064
2016-03,-120.81,45.99,37.895844942572246
2016-03,-120.68,45.99,42.70285609126105
2016-03,-120.6669,45.9481,57.007592483909804
2016-03,-120.5428,46.5683,
2016-03,-120.4994,46.6722,
2016-03,-120.3006,45.9981,54.07261904852727
2016-03,-120.0289,46.345,17.14293974361935
2016-03,-119.758,46.2014,64.53354594184742
2016-03,-119.2633,46.3119,67.87202997965558
2016-03,-119.1011,46.2111,69.52638208822117
2016-04,-121.5403,45.9997,110.31509589834349
2016-04,-121.51,46.35,14.727218057876673
2016-04,-121.48,46.91,16.717683214850624
2016-04,-121.38,46.64,15.089780543521151
2016-04,-121.3533,45.8176,99.26067116476912
2016-04,-121.33,46.81,18.08987669407922
2016-04,-121.17,46.55,16.229040189141113
2016-04,-121.1661,45.6194,118.42946243397434
2016-04,-121.0833,45.9917,82.24700572109018
2016-04,-121.08,46.36,15.123896496260315
2016-04,-120.8428,45.8081,114.12113958700827
2016-04,-120.81,45.99,70.56492124264119
2016-04,-120.68,45.99,81.66775330985388
2016-04,-120.6669,45.9481,114.1126896143312
2016-04,-120.5428,46.5683,
2016-04,-120.4994,46.6722,
2016-04,-120.3006,45.9981,92.65756950991859
2016-04,-120.1677,46.5053,
2016-04,-120.0289,46.345,19.7951576041655
2016-04,-119.758,46.2014,120.16901016675894
2016-04,-119.2633,46.3119,119.35372521983054
2016-04,-119.1011,46.2111,122.05629662280916
2016-05,-121.5403,45.9997,136.13784883190655
2016-05,-121.51,46.35,17.609646410328075
2016-05,-121.48,46.91,17.31395106861571
2016-05,-121.38,46.64,17.51117666852826
2016-05,-121.3533,45.8176,119.74827790768005
2016-05,-121.33,46.81,18.656137055897624
2016-05,-121.17,46.55,17.217412175958312
2016-05,-121.1661,45.6194,144.55713137259315
2016-05,-121.0833,45.9917,105.29107800139204
2016-05,-121.08,46.36,18.724279715419005
2016-05,-120.8428,45.8081,141.11152130171627
2016-05,-120.81,45.99,89.56238641587444
2016-05,-120.68,45.99,104.13339396979279
2016-05,-120.6669,45.9481,134.23920496809708
2016-05,-120.5428,46.5683,
2016-05,-120.4994,46.6722,
2016-05,-120.3006,45.9981,115.47420136237686
2016-05,-120.1677,46.5053,21.317661065937653
2016-05,-120.0289,46.345,20.768571415038117
2016-05,-119.758,46.2014,149.01864686630122
2016-05,-119.2633,46.3119,144.46564606387196
2016-05,-119.1011,46.2111,143.9163932159436
2016-06,-121.5403,45.9997,166.66862969620405
2016-06,-121.51,46.35,19.192774898797378
2016-06,-121.48,46.91,17.100247697881155
2016-06,-121.38,46.64,19.241903313529974
2016-06,-121.3533,45.8176,147.75795466220342
2016-06,-121.33,46.81,18.417714709305592
2016-06,-121.17,46.55,16.34704585623708
2016-06,-121.1661,45.6194,172.91885257821608
2016-06,-121.0833,45.9917,127.3291863680007
2016-06,-121.08,46.36,19.201489110018326
2016-06,-120.8428,45.8081,171.31986352679039
2016-06,-120.81,45.99,108.01986524482669
2016-06,-120.68,45.99,126.78984079434697
2016-06,-120.6669,45.9481,169.57662654233837
2016-06,-120.5428,46.5683,
2016-06,-120.4994,46.6722,
2016-06,-120.3006,45.9981,168.99261856344685
2016-06,-120.0289,46.345,22.35659143339817
2016-06,-119.758,46.2014,176.8607557365364
2016-06,-119.2633,46.3119,171.1326147789416
2016-06,-119.1011,46.2111,179.19283234407538
2016-07,-121.5403,45.9997,169.86649689063123
2016-07,-121.51,46.35,20.181299893399864
2016-07,-121.48,46.91,19.017471076059838
2016-07,-121.38,46.64,19.776129206895433
2016-07,-121.3533,45.8176,153.29713496614158
2016-07,-121.33,46.81,20.454171729660803
2016-07,-121.17,46.55,19.303992293403834
2016-07,-121.1661,45.6194,167.35526330538283
2016-07,-121.0833,45.9917,133.40539670246116
2016-07,-121.08,46.36,21.37634397213233
2016-07,-120.8428,45.8081,179.53536695748716
2016-07,-120.81,45.99,110.55022838226343
2016-07,-120.68,45.99,130.207324397964
2016-07,-120.6669,45.9481,185.0825248436596
2016-07,-120.5428,46.5683,
2016-07,-120.4994,46.6722,
2016-07,-120.3006,45.9981,163.89266839155664
2016-07,-120.1677,46.5053,
2016-07,-120.0289,46.345,22.199880604706138
2016-07,-119.758,46.2014,178.61138429611904
2016-07,-119.2633,46.3119,172.12992168254024
2016-07,-119.1011,46.2111,176.52086803445204
2016-08,-121.5403,45.9997,171.17772782978668
2016-08,-121.51,46.35,21.423240147469972
2016-08,-121.48,46.91,19.969658427392197
2016-08,-121.38,46.64,19.853582028864583
2016-08,-121.3533,45.8176,151.85727407944933
2016-08,-121.33,46.81,21.016893968199632
2016-08,-121.17,46.55,20.45818740553715
2016-08,-121.1661,45.6194,171.71266576032698
2016-08,-121.0833,45.9917,125.21490366862768
2016-08,-121.08,46.36,21.231945222792486
2016-08,-120.8428,45.8081,173.8821149175143
2016-08,-120.81,45.99,105.77292137260041
2016-08,-120.68,45.99,119.20894352468174
2016-08,-120.6669,45.9481,174.1398270009375
2016-08,-120.5428,46.5683,
2016-08,-120.4994,46.6722,
2016-08,-120.3006,45.9981,156.98063829855556
2016-08,-120.1677,46.5053,
2016-08,-120.0289,46.345,21.895753010269374
2016-08,-119.758,46.2014,171.20071233933595
2016-08,-119.2633,46.3119,163.88011396343703
2016-08,-119.1011,46.2111,167.34423493946403
2016-09,-121.5403,45.9997,107.64867607511096
2016-09,-121.51,46.35,17.707140736998763
2016-09,-121.48,46.91,
2016-09,-121.38,46.64,18.156098203251002
2016-09,-121.3533,45.8176,95.60567573241659
2016-09,-121.33,46.81,18.616072128751
2016-09,-121.17,46.55,18.972320480721226
2016-09,-121.1661,45.6194,110.12655505890845
2016-09,-121.0833,45.9917,75.99806614049227
2016-09,-121.08,46.36,19.32940973878855
2016-09,-120.8428,45.8081,113.36291648993486
2016-09,-120.81,45.99,64.99298677084514
2016-09,-120.68,45.99,74.39627121206254
2016-09,-120.6669,45.9481,105.48240218021606
2016-09,-120.5428,46.5683,
2016-09,-120.4994,46.6722,
2016-09,-120.3006,45.9981,108.93007114025701
2016-09,-120.1677,46.5053,
2016-09,-120.0289,46.345,20.30077974152845
2016-09,-119.758,46.2014,109.22186319009795
2016-09,-119.2633,46.3119,105.66947834452557
2016-09,-119.1011,46.2111,109.2681391378222
2016-10,-121.5403,45.9997,43.98196538421363
2016-10,-121.51,46.35,17.449180385730287
2016-10,-121.48,46.91,15.701833846395221
2016-10,-121.38,46.64,16.780975766221903
2016-10,-121.3533,45.8176,44.947792250150215
2016-10,-121.33,46.81,16.67823897023521
2016-10,-121.17,46.55,16.555606903623495
2016-10,-121.1661,45.6194,55.34994673166458
2016-10,-121.0833,45.9917,60.523613420539284
2016-10,-121.08,46.36,16.535628286244616
2016-10,-120.8428,45.8081,53.509065746129004
2016-10,-120.81,45.99,30.388650731750367
2016-10,-120.68,45.99,34.95397395686483
2016-10,-120.6669,45.9481,49.95240935816678
2016-10,-120.5428,46.5683,
2016-10,-120.4994,46.6722,
2016-10,-120.3006,45.9981,51.946854750094424
2016-10,-120.1677,46.5053,20.22146474223228
2016-10,-120.0289,46.345,19.02027288765513
2016-10,-119.758,46.2014,52.97232731478721
2016-10,-119.2633,46.3119,52.41458801343395
2016-10,-119.1011,46.2111,55.77715235420371
2016-11,-121.5403,45.9997,30.703440562036914
2016-11,-121.51,46.35,15.496688604529416
2016-11,-121.48,46.91,16.81625129404604
2016-11,-121.38,46.64,15.814801693502936
2016-11,-121.3533,45.8176,28.42075267885072
2016-11,-121.33,46.81,13.949604410022832
2016-11,-121.17,46.55,14.339149230774579
2016-11,-121.1661,45.6194,37.11130667794626
2016-11,-121.0833,45.9917,28.031535947151465
2016-11,-121.08,46.36,14.864146147318182
2016-11,-120.8428,45.8081,34.83518884827677
2016-11,-120.81,45.99,21.79354733723823
2016-11,-120.68,45.99,23.529399392282524
2016-11,-120.6669,45.9481,31.620971373375184
2016-11,-120.5428,46.5683,
2016-11,-120.4994,46.6722,
2016-11,-120.3006,45.9981,34.81888684878731
2016-11,-120.0289,46.345,18.054524953284588
2016-11,-119.758,46.2014,34.8294907811449
2016-11,-119.2633,46.3119,35.14416192211691
2016-11,-119.1011,46.2111,36.94069981825942
2016-12,-121.5403,45.9997,17.189999109403672
2016-12,-121.51,46.35,12.145396627602304
2016-12,-121.48,46.91,
2016-12,-121.38,46.64,11.369167835984593
2016-12,-121.3533,45.8176,16.805942182437377
2016-12,-121.33,46.81,13.874809753135144
2016-12,-121.17,46.55,11.516682376712865
2016-12,-121.1661,45.6194,19.114445522814812
2016-12,-121.0833,45.9917,13.364577479533164
2016-12,-121.08,46.36,11.446928775145906
2016-12,-120.8428,45.8081,17.893602519972724
2016-12,-120.81,45.99,14.383362448309803
2016-12,-120.68,45.99,14.652221815021791
2016-12,-120.6669,45.9481,17.500043499610975
2016-12,-120.5428,46.5683,
2016-12,-120.4994,46.6722,9.78413005768114
2016-12,-120.3006,45.9981,19.105348079027877
2016-12,-120.1677,46.5053,10.890519563823597
2016-12,-120.0289,46.345,11.724080729532929
2016-12,-119.758,46.2014,18.69258037033868
2016-12,-119.2633,46.3119,18.21851309344409
2016-12,-119.1011,46.2111,19.499094381334114
2017-01,-121.5403,45.9997,16.228927947280358
2017-01,-121.51,46.35,12.373704944391225
2017-01,-121.48,46.91,12.217139269798793
2017-01,-121.38,46.64,10.74969385792603
2017-01,-121.3533,45.8176,16.645694613339288
2017-01,-121.33,46.81,10.282729101261568
2017-01,-121.17,46.55,10.614455915157233
2017-01,-121.1661,45.6194,15.649645790970395
2017-01,-121.0833,45.9917,15.718476080814968
2017-01,-121.08,46.36,11.150318658352584
2017-01,-120.8428,45.8081,15.87967933123256
2017-01,-120.81,45.99,17.938212436345346
2017-01,-120.68,45.99,16.88522735653742
2017-01,-120.6669,45.9481,16.859109893899802
2017-01,-120.5428,46.5683,
2017-01,-120.4994,46.6722,9.431347676106695
2017-01,-120.3006,45.9981,18.898623386461264
2017-01,-120.0289,46.345,10.109841576900612
2017-01,-119.758,46.2014,14.693054827974073
2017-01,-119.2633,46.3119,14.26384105472906
2017-01,-119.1011,46.2111,15.35225325608381
2017-02,-121.5403,45.9997,27.75105829471316
2017-02,-121.51,46.35,12.547388165710393
2017-02,-121.48,46.91,12.214051001342904
2017-02,-121.38,46.64,13.087361812443609
2017-02,-121.3533,45.8176,26.866301718431487
2017-02,-121.33,46.81,13.269604095577657
2017-02,-121.17,46.55,13.153232078598302
2017-02,-121.1661,45.6194,31.176332743041076
2017-02,-121.0833,45.9917,23.33319688602909
2017-02,-121.08,46.36,13.988613378493202
2017-02,-120.8428,45.8081,27.2557700912518
2017-02,-120.81,45.99,22.533239202162257
2017-02,-120.68,45.99,23.540107955253987
2017-02,-120.6669,45.9481,27.34637205603692
2017-02,-120.5428,46.5683,
2017-02,-120.4994,46.6722,12.08560040908719
2017-02,-120.3006,45.9981,28.5807985930026
2017-02,-120.0289,46.345,13.55272137610103
2017-02,-119.758,46.2014,28.833549055628033
2017-02,-119.2633,46.3119,29.39961126132091
2017-02,-119.1011,46.2111,31.409326154007
2017-03,-121.5403,45.9997,45.91774885545675
2017-03,-121.51,46.35,14.70859487143937
2017-03,-121.48,46.91,14.17108559716576
2017-03,-121.38,46.64,14.171345143306894
2017-03,-121.3533,45.8176,42.17527093763872
2017-03,-121.33,46.81,14.764636914919192
2017-03,-121.17,46.55,14.131736024195712
2017-03,-121.1661,45.6194,58.14587634661501
2017-03,-121.0833,45.9917,36.570369159581524
2017-03,-121.08,46.36,14.763419186123983
2017-03,-120.8428,45.8081,51.24074793445881
2017-03,-120.81,45.99,34.18552573996226
2017-03,-120.68,45.99,38.853669825855896
2017-03,-120.6669,45.9481,53.275376802349854
2017-03,-120.5428,46.5683,
2017-03,-120.4994,46.6722,
2017-03,-120.3006,45.9981,49.750227956973745
2017-03,-120.0289,46.345,17.159889681830457
2017-03,-119.758,46.2014,57.868736598960865
2017-03,-119.2633,46.3119,57.29008420663331
2017-03,-119.1011,46.2111,60.82894482988749
2017-04,-121.5403,45.9997,76.69458644891377
2017-04,-121.51,46.35,15.074039247888141
2017-04,-121.48,46.91,15.159995960036035
2017-04,-121.38,46.64,14.605377159218127
2017-04,-121.33,46.81,15.296286255683665
2017-04,-121.17,46.55,14.655369045233492
2017-04,-121.1661,45.6194,88.87408009574602
2017-04,-121.0833,45.9917,56.82072270324087
2017-04,-121.08,46.36,14.918458809085
2017-04,-120.8428,45.8081,84.63950826294374
2017-04,-120.81,45.99,50.636641619624235
2017-04,-120.68,45.99,61.39194971225845
2017-04,-120.5428,46.5683,
2017-04,-120.4994,46.6722,
2017-04,-120.3006,45.9981,81.78563398285716
2017-04,-120.0289,46.345,17.777265334455645
2017-04,-119.758,46.2014,92.45322518557893
2017-04,-119.2633,46.3119,93.22830535976755
2017-04,-119.1011,46.2111,97.37176690357268
2017-05,-121.5403,45.9997,139.4002871485709
2017-05,-121.51,46.35,18.146860499762745
2017-05,-121.48,46.91,17.02907058568257
2017-05,-121.38,46.64,17.564662161375402
2017-05,-121.3533,45.8176,123.81621031335631
2017-05,-121.33,46.81,17.774301009653435
2017-05,-121.17,46.55,19.63610239371244
2017-05,-121.1661,45.6194,152.01492066829542
2017-05,-121.0833,45.9917,104.43825656745288
2017-05,-121.08,46.36,18.519373953928927
2017-05,-120.8428,45.8081,140.39309264265006
2017-05,-120.81,45.99,87.30278170017243
2017-05,-120.68,45.99,104.25415915650322
2017-05,-120.6669,45.9481,161.9479578098494
2017-05,-120.5428,46.5683,
2017-05,-120.4994,46.6722,
2017-05,-120.3006,45.9981,125.7156143506228
2017-05,-120.0289,46.345,20.726530556956064
2017-05,-119.758,46.2014,144.02136461871967
2017-05,-119.2633,46.3119,144.31907096809385
2017-05,-119.1011,46.2111,150.20982219970722
2017-06,-121.5403,45.9997,155.23230968359593
2017-06,-121.51,46.35,18.573010558563166
2017-06,-121.48,46.91,17.1944825211572
2017-06,-121.38,46.64,18.862782556233128
2017-06,-121.3533,45.8176,135.30910827629057
2017-06,-121.33,46.81,19.555150107529496
2017-06,-121.17,46.55,
2017-06,-121.1661,45.6194,164.8047616976253
2017-06,-121.0833,45.9917,121.73586019615593
2017-06,-121.08,46.36,18.82115749140424
2017-06,-120.8428,45.8081,161.40568630952944
2017-06,-120.81,45.99,106.98484794053813
2017-06,-120.68,45.99,123.51400897665006
2017-06,-120.6669,45.9481,175.413322202433
2017-06,-120.5428,46.5683,
2017-06,-120.4994,46.6722,
2017-06,-120.0289,46.345,21.063886856867835
2017-06,-119.758,46.2014,168.40055747937592
2017-06,-119.2633,46.3119,166.16671430705793
2017-06,-119.1011,46.2111,171.2520953192945
2017-07,-121.5403,45.9997,195.02412078561957
2017-07,-121.51,46.35,19.93399936275275
2017-07,-121.48,46.91,20.530992938152295
2017-07,-121.38,46.64,20.537765515055792
2017-07,-121.3533,45.8176,177.15767020032683
2017-07,-121.33,46.81,20.814078351345064
2017-07,-121.17,46.55,21.222230583381606
2017-07,-121.1661,45.6194,189.55077142918302
2017-07,-121.0833,45.9917,150.7115678404332
2017-07,-121.08,46.36,21.430723287290565
2017-07,-120.8428,45.8081,201.41496723962467
2017-07,-120.81,45.99,122.28556326432438
2017-07,-120.68,45.99,143.082109791422
2017-07,-120.6669,45.9481,208.42699611388872
2017-07,-120.5428,46.5683,
2017-07,-120.4994,46.6722,
2017-07,-120.3006,45.9981,191.59414498514437
2017-07,-120.0289,46.345,22.095954778102183
2017-07,-119.758,46.2014,202.56442614524707
2017-07,-119.2633,46.3119,194.4576614855015
2017-07,-119.1011,46.2111,201.760282701841
2017-08,-121.5403,45.9997,179.84773325984474
2017-08,-121.51,46.35,20.14056264659238
2017-08,-121.48,46.91,
2017-08,-121.38,46.64,20.509446791047456
2017-08,-121.3533,45.8176,160.8827642349479
2017-08,-121.33,46.81,21.649602506189336
2017-08,-121.17,46.55,21.28868888696829
2017-08,-121.1661,45.6194,180.793271712237
2017-08,-121.0833,45.9917,129.51729280788643
2017-08,-121.08,46.36,21.296336559666347
2017-08,-120.8428,45.8081,189.86295256355262
2017-08,-120.81,45.99,111.94004776042635
2017-08,-120.68,45.99,125.11832151850426
2017-08,-120.6669,45.9481,191.77831200018483
2017-08,-120.5428,46.5683,
2017-08,-120.4994,46.6722,
2017-08,-120.0289,46.345,22.021060629137857
2017-08,-119.758,46.2014,181.26598001871724
2017-08,-119.2633,46.3119,172.39527306008407
2017-08,-119.1011,46.2111,178.65592133513786
2017-09,-121.51,46.35,19.94931156048006
2017-09,-121.48,46.91,19.677935133422437
2017-09,-121.38,46.64,18.950775629201527
2017-09,-121.3533,45.8176,101.88427893028185
2017-09,-121.33,46.81,20.555814617256523
2017-09,-121.17,46.55,19.090027679442965
2017-09,-121.1661,45.6194,120.01895343152577
2017-09,-121.0833,45.9917,79.9399120168042
2017-09,-121.08,46.36,19.26309465943231
2017-09,-120.8428,45.8081,121.95349399026708
2017-09,-120.81,45.99,71.61027396390413
2017-09,-120.68,45.99,77.5529024181208
2017-09,-120.5428,46.5683,
2017-09,-120.4994,46.6722,
2017-09,-120.0289,46.345,20.67208331636148
2017-09,-119.2633,46.3119,109.21670502776693
2017-09,-119.1011,46.2111,112.76690969154059
2017-10,-121.51,46.35,15.331736569561986
2017-10,-121.48,46.91,15.317142557094817
2017-10,-121.38,46.64,16.409430485668555
2017-10,-121.3533,45.8176,50.06838542683187
2017-10,-121.33,46.81,16.053446862927963
2017-10,-121.17,46.55,16.56791852678502
2017-10,-121.1661,45.6194,67.26855407653257
2017-10,-121.0833,45.9917,41.048636315356426
2017-10,-121.08,46.36,16.84035145418715
2017-10,-120.8428,45.8081,65.15907137262121
2017-10,-120.81,45.99,38.551372622440645
2017-10,-120.68,45.99,40.18607692685913
2017-10,-120.5428,46.5683,
2017-10,-120.4994,46.6722,17.19671464769156
2017-10,-120.3006,45.9981,56.46275365023263
2017-10,-120.1677,46.5053,19.120830370588262
2017-10,-120.0289,46.345,18.21299231750805
2017-10,-119.758,46.2014,62.101665055302206
2017-10,-119.2633,46.3119,62.25763438601922
2017-10,-119.1011,46.2111,62.86683497169363
2017-11,-121.5403,45.9997,24.182216960713063
2017-11,-121.51,46.35,14.289264769761068
2017-11,-121.48,46.91,13.285290426095534
2017-11,-121.38,46.64,14.141737590657025
2017-11,-121.3533,45.8176,23.400542214029542
2017-11,-121.33,46.81,14.513115303289336
2017-11,-121.17,46.55,13.775591463047268
2017-11,-121.1661,45.6194,31.141705145923513
2017-11,-121.0833,45.9917,18.6239541852998
2017-11,-121.08,46.36,14.845344543724714
2017-11,-120.8428,45.8081,29.63928088471437
2017-11,-120.81,45.99,18.334366839860316
2017-11,-120.68,45.99,19.632785573041566
2017-11,-120.5428,46.5683,
2017-11,-120.4994,46.6722,15.284066038603495
2017-11,-120.3006,45.9981,29.00857881570073
2017-11,-120.1677,46.5053,
2017-11,-120.0289,46.345,17.182861821448753
2017-11,-119.758,46.2014,32.39618841643266
2017-11,-119.2633,46.3119,30.30721304286048
2017-11,-119.1011,46.2111,33.275429416859794
2017-12,-121.5403,45.9997,18.757697936355033
2017-12,-121.51,46.35,13.47364906215343
2017-12,-121.48,46.91,11.557143903575028
2017-12,-121.38,46.64,12.413676864576573
2017-12,-121.3533,45.8176,15.73542799448643
2017-12,-121.33,46.81,12.393130301256118
2017-12,-121.17,46.55,13.188114494125651
2017-12,-121.1661,45.6194,19.59495866745652
2017-12,-121.0833,45.9917,14.103305179622442
2017-12,-121.08,46.36,14.290960647826152
2017-12,-120.8428,45.8081,17.42546072058492
2017-12,-120.81,45.99,17.74170076178366
2017-12,-120.68,45.99,15.068392564283272
2017-12,-120.6669,45.9481,20.187356340504238
2017-12,-120.5428,46.5683,
2017-12,-120.4994,46.6722,12.831201713406331
2017-12,-120.3006,45.9981,18.19650396017378
2017-12,-120.0289,46.345,12.882933888701386
2017-12,-119.758,46.2014,17.61179488904127
2017-12,-119.2633,46.3119,16.69173715334132
2017-12,-119.1011,46.2111,17.552124579045696
2018-01,-121.5403,45.9997,20.327861145609386
2018-01,-121.51,46.35,14.894534169829342
2018-01,-121.48,46.91,15.478362969442745
2018-01,-121.38,46.64,13.471308529202455
2018-01,-121.3533,45.8176,19.698922833250485
2018-01,-121.33,46.81,13.957338993984356
2018-01,-121.17,46.55,15.161307821550253
2018-01,-121.1661,45.6194,25.571257349846782
2018-01,-121.0833,45.9917,16.996481715662505
2018-01,-121.08,46.36,13.29390570289803
2018-01,-120.8428,45.8081,23.954635683915885
2018-01,-120.81,45.99,17.986392926737047
2018-01,-120.68,45.99,17.493349254722546
2018-01,-120.6669,45.9481,24.013136652709523
2018-01,-120.5428,46.5683,
2018-01,-120.4994,46.6722,13.176022093190767
2018-01,-120.3006,45.9981,22.44158310517548
2018-01,-120.1677,46.5053,
2018-01,-120.0289,46.345,15.02243953798909
2018-01,-119.758,46.2014,23.600997102100326
2018-01,-119.2633,46.3119,22.98103130995671
2018-01,-119.1011,46.2111,24.063896608420237
2018-02,-121.5403,45.9997,31.76217444762845
2018-02,-121.51,46.35,12.905051277395344
2018-02,-121.48,46.91,12.644717558417721
2018-02,-121.38,46.64,15.167330341024364
2018-02,-121.3533,45.8176,28.610293815303212
2018-02,-121.33,46.81,14.852886058107849
2018-02,-121.17,46.55,12.394517392196853
2018-02,-121.1661,45.6194,39.068406198234804
2018-02,-121.0833,45.9917,23.200861708277294
2018-02,-121.08,46.36,11.505085286071928
2018-02,-120.8428,45.8081,35.29705350637259
2018-02,-120.81,45.99,24.554318533714536
2018-02,-120.68,45.99,24.94457429204229
2018-02,-120.6669,45.9481,37.98665386774251
2018-02,-120.5428,46.5683,
2018-02,-120.4994,46.6722,16.29185533311612
2018-02,-120.3006,45.9981,34.34173687308032
2018-02,-120.1677,46.5053,13.174996068515426
2018-02,-120.0289,46.345,13.30358803276578
2018-02,-119.758,46.2014,40.80862011908853
2018-02,-119.2633,46.3119,37.87414740972006
2018-02,-119.1011,46.2111,39.88267217781235
2018-03,-121.5403,45.9997,55.410676882531654
2018-03,-121.51,46.35,14.797176637689697
2018-03,-121.48,46.91,12.661242785744424
2018-03,-121.38,46.64,14.002413403648815
2018-03,-121.3533,45.8176,48.30665742481772
2018-03,-121.33,46.81,12.01348614050116
2018-03,-121.17,46.55,12.983956823438309
2018-03,-121.1661,45.6194,66.9685257811759
2018-03,-121.0833,45.9917,38.789115023230075
2018-03,-121.08,46.36,12.192537918587211
2018-03,-120.8428,45.8081,59.653730802187994
2018-03,-120.81,45.99,36.624604714027264
2018-03,-120.68,45.99,42.54961908625268
2018-03,-120.6669,45.9481,54.231057133785626
2018-03,-120.5428,46.5683,
2018-03,-120.4994,46.6722,
2018-03,-120.3006,45.9981,55.7094118753613
2018-03,-120.1677,46.5053,15.926719387927013
2018-03,-120.0289,46.345,16.402268732265053
2018-03,-119.758,46.2014,64.05288764146688
2018-03,-119.2633,46.3119,65.90102957638132
2018-03,-119.1011,46.2111,68.44025975354646
2018-04,-121.5403,45.9997,86.09295648532475
2018-04,-121.51,46.35,15.151635130911433
2018-04,-121.48,46.91,15.582998378127883
2018-04,-121.38,46.64,15.954211162465668
2018-04,-121.3533,45.8176,77.81827643126095
2018-04,-121.33,46.81,15.890268575546369
2018-04,-121.17,46.55,16.045116735571455
2018-04,-121.1661,45.6194,101.88706065572512
2018-04,-121.0833,45.9917,62.729471330896935
2018-04,-121.08,46.36,15.403103537867256
2018-04,-120.8428,45.8081,92.62032791773565
2018-04,-120.81,45.99,55.054475580257474
2018-04,-120.68,45.99,66.70592791224651
2018-04,-120.6669,45.9481,88.11410279140125
2018-04,-120.5428,46.5683,
2018-04,-120.4994,46.6722,
2018-04,-120.3006,45.9981,88.41833471631713
2018-04,-120.0289,46.345,18.873018996820676
2018-04,-119.758,46.2014,100.02855286438299
2018-04,-119.2633,46.3119,99.16725830913686
2018-04,-119.1011,46.2111,103.02913096306767
2018-05,-121.5403,45.9997,147.8253000909792
2018-05,-121.51,46.35,18.384018464425953
2018-05,-121.48,46.91,
2018-05,-121.38,46.64,17.919600066911087
2018-05,-121.3533,45.8176,127.87663692636795
2018-05,-121.33,46.81,17.755295967700885
2018-05,-121.17,46.55,18.537240177667623
2018-05,-121.1661,45.6194,152.36732222042315
2018-05,-121.0833,45.9917,111.79592249907826
2018-05,-121.08,46.36,19.516116876408482
2018-05,-120.8428,45.8081,155.2023028336107
2018-05,-120.81,45.99,94.8837728544904
2018-05,-120.68,45.99,110.80552681241704
2018-05,-120.6669,45.9481,151.19919324786653
2018-05,-120.5428,46.5683,
2018-05,-120.4994,46.6722,
2018-05,-120.3006,45.9981,148.61194864999567
2018-05,-120.0289,46.345,21.505863681590746
2018-05,-119.758,46.2014,156.27974920172358
2018-05,-119.2633,46.3119,149.0543302492196
2018-05,-119.1011,46.2111,153.58558928351002
2018-06,-121.5403,45.9997,160.27170701286283
2018-06,-121.51,46.35,18.2528873124737
2018-06,-121.48,46.91,16.918538054330064
2018-06,-121.38,46.64,19.475056571460613
2018-06,-121.3533,45.8176,136.79131387341553
2018-06,-121.33,46.81,17.938090569966263
2018-06,-121.17,46.55,18.394826483681452
2018-06,-121.1661,45.6194,163.71330121480995
2018-06,-121.0833,45.9917,122.0444330405878
2018-06,-121.08,46.36,18.905375219845382
2018-06,-120.8428,45.8081,168.4572550958447
2018-06,-120.81,45.99,104.5397499011814
2018-06,-120.68,45.99,123.02208560985329
2018-06,-120.6669,45.9481,163.70035342063142
2018-06,-120.5428,46.5683,
2018-06,-120.4994,46.6722,
2018-06,-120.3006,45.9981,162.39482255217433
2018-06,-120.0289,46.345,21.72660880703551
2018-06,-119.758,46.2014,171.7984932557575
2018-06,-119.2633,46.3119,160.83198562808528
2018-06,-119.1011,46.2111,166.04457614342067
2018-07,-121.5403,45.9997,201.66091608733709
2018-07,-121.51,46.35,19.912572089983847
2018-07,-121.48,46.91,19.923771466233138
2018-07,-121.38,46.64,19.73836073511186
2018-07,-121.3533,45.8176,184.51211299189887
2018-07,-121.33,46.81,20.43437083029905
2018-07,-121.17,46.55,20.029019466624977
2018-07,-121.1661,45.6194,206.15732824481086
2018-07,-121.0833,45.9917,151.6635248463129
2018-07,-121.08,46.36,20.964709132074564
2018-07,-120.8428,45.8081,205.94925826700134
2018-07,-120.81,45.99,126.49295147966059
2018-07,-120.68,45.99,145.00930796096716
2018-07,-120.6669,45.9481,209.6167072670047
2018-07,-120.5428,46.5683,
2018-07,-120.4994,46.6722,
2018-07,-120.0289,46.345,21.91190548282147
2018-07,-119.758,46.2014,208.82754929551427
2018-07,-119.2633,46.3119,198.6067549583052
2018-07,-119.1011,46.2111,203.96757077283434
2018-08,-121.5403,45.9997,173.08626875086554
2018-08,-121.51,46.35,19.638892156818493
2018-08,-121.48,46.91,20.933527070071005
2018-08,-121.38,46.64,20.815967002910345
2018-08,-121.3533,45.8176,146.62333775953803
2018-08,-121.33,46.81,20.68208413572327
2018-08,-121.17,46.55,20.562372130288438
2018-08,-121.1661,45.6194,164.23674287331727
2018-08,-121.0833,45.9917,122.77540870672857
2018-08,-121.08,46.36,20.654716668625834
2018-08,-120.8428,45.8081,176.61775527906957
2018-08,-120.81,45.99,106.07912724312015
2018-08,-120.68,45.99,118.7565415080212
2018-08,-120.6669,45.9481,173.06695543071433
2018-08,-120.5428,46.5683,
2018-08,-120.4994,46.6722,
2018-08,-120.0289,46.345,21.40793092189666
2018-08,-119.758,46.2014,171.4875264098908
2018-08,-119.2633,46.3119,162.9889851579799
2018-08,-119.1011,46.2111,172.4679049347301
2018-09,-121.5403,45.9997,108.92491250908289
2018-09,-121.51,46.35,17.89053372548787
2018-09,-121.48,46.91,17.03030957515452
2018-09,-121.38,46.64,18.624388001953037
2018-09,-121.3533,45.8176,97.1149130128776
2018-09,-121.33,46.81,17.46893276281777
2018-09,-121.17,46.55,17.960118852902962
2018-09,-121.1661,45.6194,115.92098207471783
2018-09,-121.0833,45.9917,77.89985000395204
2018-09,-121.08,46.36,19.323841645753397
2018-09,-120.8428,45.8081,117.41528345985428
2018-09,-120.81,45.99,66.97561937890552
2018-09,-120.68,45.99,74.5757829227568
2018-09,-120.6669,45.9481,115.7044262379452
2018-09,-120.5428,46.5683,
2018-09,-120.4994,46.6722,
2018-09,-120.0289,46.345,20.300529376029132
2018-09,-119.758,46.2014,117.66350619274122
2018-09,-119.2633,46.3119,106.80947467809828
2018-09,-119.1011,46.2111,112.29771751577826
2018-10,-121.5403,45.9997,64.18558005480321
2018-10,-121.51,46.35,16.65444363803708
2018-10,-121.48,46.91,16.85812326296918
2018-10,-121.38,46.64,16.49697918624949
2018-10,-121.3533,45.8176,55.35917969959409
2018-10,-121.33,46.81,18.412160158249815
2018-10,-121.17,46.55,15.504722258077887
2018-10,-121.1661,45.6194,66.507265375991
2018-10,-121.0833,45.9917,40.49984802691695
2018-10,-121.08,46.36,18.14550273999292
2018-10,-120.8428,45.8081,64.81356700500918
2018-10,-120.81,45.99,38.84664317048048
2018-10,-120.68,45.99,41.019840830712205
2018-10,-120.6669,45.9481,59.9195875166417
2018-10,-120.5428,46.5683,
2018-10,-120.4994,46.6722,18.439303725183304
2018-10,-120.0289,46.345,17.860549258349558
2018-10,-119.758,46.2014,60.64569898868319
2018-10,-119.2633,46.3119,59.192816192983
2018-10,-119.1011,46.2111,61.45046897398782
2018-11,-121.5403,45.9997,29.596887284036022
2018-11,-121.51,46.35,14.565540925335544
2018-11,-121.48,46.91,14.153891653857789
2018-11,-121.38,46.64,14.600587807971266
2018-11,-121.3533,45.8176,28.235943961947058
2018-11,-121.33,46.81,15.743524433085444
2018-11,-121.17,46.55,14.637053680721875
2018-11,-121.1661,45.6194,32.00511181947793
2018-11,-121.0833,45.9917,22.311509489775652
2018-11,-121.08,46.36,15.235387524647875
2018-11,-120.8428,45.8081,33.06135138772793
2018-11,-120.81,45.99,21.630029646680423
2018-11,-120.68,45.99,22.8010051048467
2018-11,-120.6669,45.9481,29.89822431271052
2018-11,-120.5428,46.5683,
2018-11,-120.4994,46.6722,15.714475065234963
2018-11,-120.0289,46.345,13.853326767050138
2018-11,-119.758,46.2014,32.40406079569284
2018-11,-119.2633,46.3119,29.154853008985164
2018-11,-119.1011,46.2111,31.08324274558502
2018-12,-121.5403,45.9997,18.086275144208162
2018-12,-121.51,46.35,13.276499065413724
2018-12,-121.48,46.91,12.117882626465056
2018-12,-121.38,46.64,14.062138628932853
2018-12,-121.3533,45.8176,17.375098138504246
2018-12,-121.33,46.81,13.62970312068474
2018-12,-121.17,46.55,13.570584882073852
2018-12,-121.1661,45.6194,21.73306302026761
2018-12,-121.0833,45.9917,14.962161580846493
2018-12,-121.08,46.36,12.44457790796847
2018-12,-120.8428,45.8081,19.98453929643767
2018-12,-120.81,45.99,13.593655999480156
2018-12,-120.68,45.99,15.090230666942396
2018-12,-120.6669,45.9481,18.713915631530465
2018-12,-120.5428,46.5683,
2018-12,-120.4994,46.6722,12.949005456932083
2018-12,-120.0289,46.345,14.777478219798109
2018-12,-119.758,46.2014,21.16068346215282
2018-12,-119.2633,46.3119,19.86396525732505
2018-12,-119.1011,46.2111,21.7090792216257
2019-01,-121.5403,45.9997,20.739562922289917
2019-01,-121.51,46.35,13.526332419206282
2019-01,-121.48,46.91,14.60372778161888
2019-01,-121.38,46.64,13.280766754726296
2019-01,-121.3533,45.8176,20.79434558259142
2019-01,-121.33,46.81,14.214448496967798
2019-01,-121.17,46.55,15.105034770529555
2019-01,-121.1661,45.6194,22.776710737018327
2019-01,-121.0833,45.9917,19.218960249551852
2019-01,-121.08,46.36,12.939697990357935
2019-01,-120.8428,45.8081,22.983235228313482
2019-01,-120.68,45.99,19.078110137750944
2019-01,-120.6669,45.9481,23.245240391771087
2019-01,-120.5428,46.5683,
2019-01,-120.4994,46.6722,12.648379103778822
2019-01,-120.0289,46.345,13.618906854820809
2019-01,-119.758,46.2014,22.275929022451237
2019-01,-119.2633,46.3119,21.117902784878844
2019-01,-119.1011,46.2111,22.358981311245483
2019-02,-121.5403,45.9997,24.398350484200915
2019-02,-121.51,46.35,11.229732222275722
2019-02,-121.48,46.91,11.457909115822583
2019-02,-121.38,46.64,10.463973038710446
2019-02,-121.3533,45.8176,25.748533330473293
2019-02,-121.33,46.81,11.099266963028654
2019-02,-121.17,46.55,9.836851718775725
2019-02,-121.1661,45.6194,23.661230444465048
2019-02,-121.0833,45.9917,19.171509801883087
2019-02,-121.08,46.36,10.606763513674625
2019-02,-120.8428,45.8081,25.077581086984907
2019-02,-120.68,45.99,20.800344921146728
2019-02,-120.6669,45.9481,23.440082918062597
2019-02,-120.5428,46.5683,
2019-02,-120.4994,46.6722,12.10072870212774
2019-02,-120.0289,46.345,12.042903643549172
2019-02,-119.758,46.2014,22.624067815316497
2019-02,-119.2633,46.3119,21.647196204671587
2019-02,-119.1011,46.2111,21.79444929721596
2019-03,-121.5403,45.9997,56.21698402384063
2019-03,-121.51,46.35,12.672482388034805
2019-03,-121.48,46.91,13.251259270122567
2019-03,-121.38,46.64,12.111762604733787
2019-03,-121.3533,45.8176,47.31786066425732
2019-03,-121.33,46.81,14.713167887321214
2019-03,-121.17,46.55,9.09431432109949
2019-03,-121.1661,45.6194,57.666145889967034
2019-03,-121.0833,45.9917,40.024357815253765
2019-03,-121.08,46.36,9.89414606032119
2019-03,-120.8428,45.8081,49.464839167562786
2019-03,-120.68,45.99,40.74181581858364
2019-03,-120.6669,45.9481,51.71954224216419
2019-03,-120.5428,46.5683,
2019-03,-120.4994,46.6722,13.540378247214736
2019-03,-120.0289,46.345,13.76691755452554
2019-03,-119.758,46.2014,52.98367185562499
2019-03,-119.2633,46.3119,55.239409395054146
2019-03,-119.1011,46.2111,55.76323278008253
2019-04,-121.5403,45.9997,88.60214465486712
2019-04,-121.51,46.35,15.613175767481888
2019-04,-121.48,46.91,16.000018841169947
2019-04,-121.38,46.64,16.025172142724024
2019-04,-121.3533,45.8176,76.66251511842957
2019-04,-121.33,46.81,16.1179021907392
2019-04,-121.17,46.55,14.762804966303158
2019-04,-121.1661,45.6194,95.18678917174034
2019-04,-121.0833,45.9917,63.700638888657664
2019-04,-121.08,46.36,15.833965952408729
2019-04,-120.8428,45.8081,92.88794234881243
2019-04,-120.68,45.99,65.37641006284612
2019-04,-120.6669,45.9481,91.57724367367504
2019-04,-120.5428,46.5683,
2019-04,-120.4994,46.6722,
2019-04,-120.0289,46.345,18.658184305040198
2019-04,-119.758,46.2014,101.97360147830445
2019-04,-119.2633,46.3119,97.87256072591487
2019-04,-119.1011,46.2111,102.76739071353357
2019-05,-121.5403,45.9997,132.56717365132707
2019-05,-121.51,46.35,17.373491951556495
2019-05,-121.48,46.91,16.110187371156
2019-05,-121.38,46.64,16.576306391100452
2019-05,-121.3533,45.8176,115.78991027822445
2019-05,-121.33,46.81,17.4021743913624
2019-05,-121.17,46.55,17.903754750901516
2019-05,-121.1661,45.6194,138.0466101681481
2019-05,-121.0833,45.9917,101.68311012646406
2019-05,-121.08,46.36,16.606496621491438
2019-05,-120.8428,45.8081,138.80874763107036
2019-05,-120.68,45.99,97.53989961135898
2019-05,-120.6669,45.9481,131.29235882701548
2019-05,-120.5428,46.5683,
2019-05,-120.4994,46.6722,
2019-05,-120.0289,46.345,20.289342422400043
2019-05,-119.758,46.2014,140.06637566279906
2019-05,-119.2633,46.3119,142.6974012943788
2019-05,-119.1011,46.2111,144.79138482582627
2019-06,-121.5403,45.9997,159.7458446726929
2019-06,-121.51,46.35,18.506320082498558
2019-06,-121.48,46.91,17.456807001432313
2019-06,-121.38,46.64,18.96492464039106
2019-06,-121.3533,45.8176,133.0295639138223
2019-06,-121.33,46.81,18.572196185431853
2019-06,-121.17,46.55,18.480794155639465
2019-06,-121.1661,45.6194,162.49871162163765
2019-06,-121.0833,45.9917,124.68158533824605
2019-06,-121.08,46.36,19.03045659626083
2019-06,-120.8428,45.8081,166.35122371503593
2019-06,-120.81,45.99,123.6265624241525
2019-06,-120.68,45.99,123.28318287127219
2019-06,-120.6669,45.9481,167.87326110757044
2019-06,-120.5428,46.5683,
2019-06,-120.4994,46.6722,
2019-06,-120.0289,46.345,21.403254596654996
2019-06,-119.758,46.2014,182.5029407150132
2019-06,-119.2633,46.3119,167.9869058100501
2019-06,-119.1011,46.2111,175.43317711995326
2019-07,-121.5403,45.9997,165.3057395470178
2019-07,-121.51,46.35,19.399758061898424
2019-07,-121.48,46.91,19.486760697434313
2019-07,-121.38,46.64,19.86801153401308
2019-07,-121.3533,45.8176,147.61126927145386
2019-07,-121.33,46.81,20.78069980618713
2019-07,-121.17,46.55,20.64703707745068
2019-07,-121.1661,45.6194,164.71489476064679
2019-07,-121.0833,45.9917,131.9824621034181
2019-07,-121.08,46.36,19.995662635290692
2019-07,-120.8428,45.8081,176.58423124694843
2019-07,-120.68,45.99,126.28353504358951
2019-07,-120.6669,45.9481,173.54835642193646
2019-07,-120.5428,46.5683,
2019-07,-120.4994,46.6722,
2019-07,-120.0289,46.345,21.699234027717562
2019-07,-119.758,46.2014,181.72482176339875
2019-07,-119.2633,46.3119,173.11799155813276
2019-07,-119.1011,46.2111,180.05277101692494
2019-08,-121.5403,45.9997,159.818917205988
2019-08,-121.51,46.35,20.064471807768367
2019-08,-121.48,46.91,20.883441128934532
2019-08,-121.38,46.64,20.635426371035823
2019-08,-121.3533,45.8176,140.48599166518355
2019-08,-121.33,46.81,20.973999789840022
2019-08,-121.17,46.55,
2019-08,-121.1661,45.6194,154.99774341377582
2019-08,-121.0833,45.9917,125.03461255594553
2019-08,-121.08,46.36,21.144398501421247
2019-08,-120.8428,45.8081,167.80227381819165
2019-08,-120.68,45.99,114.23922330863934
2019-08,-120.6669,45.9481,165.77433187050232
2019-08,-120.5428,46.5683,
2019-08,-120.4994,46.6722,
2019-08,-120.0289,46.345,21.894017439029593
2019-08,-119.758,46.2014,167.67192706878984
2019-08,-119.2633,46.3119,161.08209141507155
2019-08,-119.1011,46.2111,166.2601585248877
2019-09,-121.5403,45.9997,96.23717431405636
2019-09,-121.51,46.35,17.723430648092148
2019-09,-121.48,46.91,16.862143664633386
2019-09,-121.38,46.64,17.939552944488078
2019-09,-121.3533,45.8176,85.8050024679481
2019-09,-121.33,46.81,18.41601086564309
2019-09,-121.17,46.55,18.666251723369133
2019-09,-121.1661,45.6194,101.32780416628911
2019-09,-121.0833,45.9917,73.55339071916237
2019-09,-121.08,46.36,18.898752888813107
2019-09,-120.8428,45.8081,108.30782619287048
2019-09,-120.81,45.99,24.379778829682827
2019-09,-120.68,45.99,68.64933804909096
2019-09,-120.6669,45.9481,111.39756039276315
2019-09,-120.5428,46.5683,
2019-09,-120.4994,46.6722,20.19548426609576
2019-09,-120.0289,46.345,20.536554844305684
2019-09,-119.758,46.2014,107.18232503725908
2019-09,-119.2633,46.3119,101.84090780256176
2019-09,-119.1011,46.2111,107.03237050385745
2019-10,-121.5403,45.9997,52.62475294919126
2019-10,-121.51,46.35,15.471907687708397
2019-10,-121.48,46.91,14.779403929604557
2019-10,-121.38,46.64,15.503197029761335
2019-10,-121.3533,45.8176,48.04418744085459
2019-10,-121.33,46.81,17.45259640140163
2019-10,-121.17,46.55,15.264839416194524
2019-10,-121.1661,45.6194,60.71972532898043
2019-10,-121.0833,45.9917,38.23361727233535
2019-10,-121.08,46.36,15.589148501807493
2019-10,-120.8428,45.8081,59.29753019865841
2019-10,-120.81,45.99,35.72404760451007
2019-10,-120.68,45.99,37.21083566812798
2019-10,-120.6669,45.9481,53.931450139490885
2019-10,-120.5428,46.5683,
2019-10,-120.4994,46.6722,17.108718526177345
2019-10,-120.0289,46.345,16.675053534809862
2019-10,-119.758,46.2014,60.40994930856562
2019-10,-119.2633,46.3119,55.689083216595776
2019-10,-119.1011,46.2111,60.296701474754116
2019-11,-121.5403,45.9997,34.52829246920955
2019-11,-121.51,46.35,13.373931539810178
2019-11,-121.48,46.91,14.880915478430477
2019-11,-121.38,46.64,13.901766565409707
2019-11,-121.3533,45.8176,32.71997830688923
2019-11,-121.33,46.81,16.937944460550113
2019-11,-121.17,46.55,17.12866160935204
2019-11,-121.1661,45.6194,35.927137305595735
2019-11,-121.0833,45.9917,24.807665073151128
2019-11,-121.08,46.36,12.640153367211044
2019-11,-120.8428,45.8081,36.86348202212433
2019-11,-120.81,45.99,25.02144166415197
2019-11,-120.68,45.99,24.869343177226497
2019-11,-120.6669,45.9481,35.138359732484346
2019-11,-120.5428,46.5683,
2019-11,-120.4994,46.6722,14.117762944746657
2019-11,-120.0289,46.345,14.072338131799635
2019-11,-119.758,46.2014,32.5991007250879
2019-11,-119.2633,46.3119,30.04139222064534
2019-11,-119.1011,46.2111,31.557030705514432
2019-12,-121.5403,45.9997,19.066911349340042
2019-12,-121.51,46.35,13.626897517259973
2019-12,-121.48,46.91,12.316829704073902
2019-12,-121.38,46.64,13.123259808794886
2019-12,-121.3533,45.8176,17.772299259897427
2019-12,-121.33,46.81,14.255425208439652
2019-12,-121.17,46.55,
2019-12,-121.1661,45.6194,18.81229965800326
2019-12,-121.0833,45.9917,15.904282470960645
2019-12,-121.08,46.36,12.917414884401998
2019-12,-120.8428,45.8081,18.965756524441822
2019-12,-120.81,45.99,16.05746262321856
2019-12,-120.68,45.99,15.968602236282027
2019-12,-120.6669,45.9481,21.574491597833568
2019-12,-120.5428,46.5683,
2019-12,-120.4994,46.6722,12.285169134847234
2019-12,-120.0289,46.345,13.59665616817426
2019-12,-119.758,46.2014,18.617877277470416
2019-12,-119.2633,46.3119,18.353037005618834
2019-12,-119.1011,46.2111,18.929304815687967
2020-01,-121.5403,45.9997,20.15037694090536
2020-01,-121.51,46.35,13.778230566754877
2020-01,-121.48,46.91,13.314533326426112
2020-01,-121.38,46.64,14.105282192171845
2020-01,-121.3533,45.8176,20.618742178756808
2020-01,-121.33,46.81,14.179662779074215
2020-01,-121.17,46.55,13.412593660382656
2020-01,-121.1661,45.6194,25.078253143180202
2020-01,-121.0833,45.9917,16.811924044767373
2020-01,-121.08,46.36,13.720196557257053
2020-01,-120.8428,45.8081,23.007282647372385
2020-01,-120.81,45.99,16.19781336154489
2020-01,-120.68,45.99,17.525120021880106
2020-01,-120.6669,45.9481,21.047085563522003
2020-01,-120.5428,46.5683,
2020-01,-120.4994,46.6722,
2020-01,-120.0289,46.345,15.116865881287001
2020-01,-119.758,46.2014,27.349995994378943
2020-01,-119.2633,46.3119,27.162450421120678
2020-01,-119.1011,46.2111,26.577080512819823
2020-02,-121.5403,45.9997,38.65006736055025
2020-02,-121.51,46.35,12.676478607020918
2020-02,-121.48,46.91,13.445167857967201
2020-02,-121.38,46.64,13.202089934872053
2020-02,-121.3533,45.8176,34.62398143444385
2020-02,-121.33,46.81,14.487676970010051
2020-02,-121.17,46.55,13.298715249989566
2020-02,-121.1661,45.6194,45.53804669628421
2020-02,-121.0833,45.9917,27.777064255940825
2020-02,-121.08,46.36,14.188691664737124
2020-02,-120.8428,45.8081,43.216918654425214
2020-02,-120.81,45.99,25.805258191104265
2020-02,-120.68,45.99,28.883752666656875
2020-02,-120.6669,45.9481,38.95070925084774
2020-02,-120.5428,46.5683,
2020-02,-120.4994,46.6722,12.732841130270332
2020-02,-120.0289,46.345,15.540438024916952
2020-02,-119.758,46.2014,45.18972768414179
2020-02,-119.2633,46.3119,45.49231764886655
2020-02,-119.1011,46.2111,49.0680874110957
2020-03,-121.5403,45.9997,59.82630295123702
2020-03,-121.51,46.35,13.842802868042845
2020-03,-121.48,46.91,11.794130073090225
2020-03,-121.38,46.64,11.96481739252086
2020-03,-121.3533,45.8176,52.219963878539204
2020-03,-121.33,46.81,13.47593219602414
2020-03,-121.17,46.55,13.960580767118929
2020-03,-121.1661,45.6194,66.87235585377515
2020-03,-121.0833,45.9917,41.83745900268498
2020-03,-121.08,46.36,12.913343590966482
2020-03,-120.8428,45.8081,65.6314020616346
2020-03,-120.81,45.99,34.97466626254833
2020-03,-120.68,45.99,42.83659681879509
2020-03,-120.6669,45.9481,59.9134285791891
2020-03,-120.5428,46.5683,
2020-03,-120.4994,46.6722,18.488416950499527
2020-03,-120.0289,46.345,16.76891679236493
2020-03,-119.758,46.2014,65.06074329317781
2020-03,-119.2633,46.3119,65.16884919816589
2020-03,-119.1011,46.2111,68.69249822724936
2020-04,-121.5403,45.9997,101.2540119418536
2020-04,-121.51,46.35,14.83036347478457
2020-04,-121.48,46.91,15.642611931440952
2020-04,-121.38,46.64,15.846900650649923
2020-04,-121.3533,45.8176,83.29211760522902
2020-04,-121.33,46.81,15.571292366347363
2020-04,-121.17,46.55,17.25661669478593
2020-04,-121.1661,45.6194,108.99537861016847
2020-04,-121.0833,45.9917,73.53604125671492
2020-04,-121.08,46.36,17.694107337529136
2020-04,-120.8428,45.8081,105.49269772249544
2020-04,-120.81,45.99,57.821638652212414
2020-04,-120.68,45.99,73.51714969940389
2020-04,-120.6669,45.9481,113.82706272906958
2020-04,-120.5428,46.5683,
2020-04,-120.4994,46.6722,
2020-04,-120.0289,46.345,19.102644944384657
2020-04,-119.758,46.2014,110.90042270699367
2020-04,-119.2633,46.3119,110.18826498964053
2020-04,-119.1011,46.2111,116.69416074719216
2020-05,-121.5403,45.9997,129.78524932859045
2020-05,-121.51,46.35,16.375287688888946
2020-05,-121.48,46.91,16.254862917791513
2020-05,-121.38,46.64,16.45575071166053
2020-05,-121.3533,45.8176,112.68888600964699
2020-05,-121.33,46.81,16.15027215724626
2020-05,-121.17,46.55,17.016818107239963
2020-05,-121.1661,45.6194,139.83104348495266
2020-05,-121.0833,45.9917,101.525911914641
2020-05,-121.08,46.36,17.648226862901087
2020-05,-120.8428,45.8081,137.9459941524598
2020-05,-120.81,45.99,80.27012416948067
2020-05,-120.68,45.99,98.23837785713381
2020-05,-120.6669,45.9481,132.18384017313394
2020-05,-120.5428,46.5683,
2020-05,-120.4994,46.6722,
2020-05,-120.0289,46.345,20.25157459229788
2020-05,-119.758,46.2014,140.0156012777098
2020-05,-119.2633,46.3119,135.59795754866377
2020-05,-119.1011,46.2111,142.17410760581578
2020-06,-121.5403,45.9997,151.83366142166085
2020-06,-121.51,46.35,18.364473239924692
2020-06,-121.48,46.91,16.637198854717486
2020-06,-121.38,46.64,18.774714393397385
2020-06,-121.3533,45.8176,123.86513547028622
2020-06,-121.33,46.81,18.48624967723662
2020-06,-121.17,46.55,18.335540685145087
2020-06,-121.1661,45.6194,150.8137656441396
2020-06,-121.0833,45.9917,114.72749234373359
2020-06,-121.08,46.36,19.66870699284825
2020-06,-120.8428,45.8081,154.50281709772628
2020-06,-120.81,45.99,96.27382290039724
2020-06,-120.68,45.99,116.1881697904168
2020-06,-120.6669,45.9481,172.132315154263
2020-06,-120.5428,46.5683,
2020-06,-120.4994,46.6722,
2020-06,-120.0289,46.345,20.70719477997016
2020-06,-119.758,46.2014,169.15559390206218
2020-06,-119.2633,46.3119,167.59357324225502
2020-06,-119.1011,46.2111,166.65307211361855
2020-07,-121.5403,45.9997,182.38209314392063
2020-07,-121.51,46.35,20.58463256402761
2020-07,-121.48,46.91,19.831154062336353
2020-07,-121.38,46.64,20.71926906539207
2020-07,-121.3533,45.8176,154.68367548032268
2020-07,-121.33,46.81,21.73529413310843
2020-07,-121.17,46.55,21.15288609829249
2020-07,-121.1661,45.6194,182.15019559963847
2020-07,-121.0833,45.9917,142.33494418690813
2020-07,-121.08,46.36,20.832498918028556
2020-07,-120.8428,45.8081,187.5952590505815
2020-07,-120.81,45.99,107.7787633584662
2020-07,-120.68,45.99,136.17196610758756
2020-07,-120.6669,45.9481,180.64287860231943
2020-07,-120.5428,46.5683,
2020-07,-120.4994,46.6722,
2020-07,-120.0289,46.345,
2020-07,-119.758,46.2014,196.73147547300678
2020-07,-119.2633,46.3119,223.7263404251167
2020-07,-119.1011,46.2111,192.61734711842894
2020-08,-121.5403,45.9997,166.25340244097956
2020-08,-121.51,46.35,19.265301623913945
2020-08,-121.48,46.91,19.066814859125436
2020-08,-121.38,46.64,20.242921235429314
2020-08,-121.3533,45.8176,150.93191136874253
2020-08,-121.33,46.81,20.319789484788757
2020-08,-121.17,46.55,20.766194965548923
2020-08,-121.1661,45.6194,167.02728945277056
2020-08,-121.0833,45.9917,127.65351542977919
2020-08,-121.08,46.36,21.45714800809899
2020-08,-120.8428,45.8081,176.2408947755153
2020-08,-120.81,45.99,97.88682832770529
2020-08,-120.68,45.99,121.05412886718676
2020-08,-120.6669,45.9481,176.53249256717015
2020-08,-120.5428,46.5683,
2020-08,-120.4994,46.6722,
2020-08,-120.0289,46.345,21.723716090782965
2020-08,-119.758,46.2014,172.57491426637353
2020-08,-119.2633,46.3119,199.52978487993596
2020-08,-119.1011,46.2111,173.57526143789946
